JPMorgan Chase,
Bank of America,
Wells Fargo,
Citibank,
Goldman Sachs,
Morgan Stanley,
US Bank,
PNC Financial Services,
Capital One,
TD Bank,
Fifth Third Bank,
Huntington Bank,
KeyBank,
BB&T,
SunTrust,
Regions Bank,
Ally Bank,
Charles Schwab Bank,
Discover Bank,
American Express Bank,
Union Bank,
Silicon Valley Bank,
First Citizens Bank,
East West Bank,
City National Bank,
Bank of the West,
Western Alliance Bank,
Zions Bank,
Comerica Bank,
First National Bank of Pennsylvania,
Bank of Hawaii,
Bank of Marin,
Bank of Montreal,
Bank of New York Mellon,
Barclays,
BMO Harris Bank,
Capital Bank,
Central Pacific Bank,
Chase Bank,
Citizens Bank,
Commerce Bank,
Commonwealth Bank of Australia,
Deutsche Bank,
E*TRADE Bank,
Emirates NBD,
First Commonwealth Bank,
First Merchants Bank,
First Republic Bank,
Flagstar Bank,
Fulton Bank,
Guaranty Bank,
HSBC,
Investec,
Israel Discount Bank,
JPMorgan Private Bank,
LaSalle Bank,
Lloyds Bank,
M&T Bank,
Mercantil Bank,
National Australia Bank,
National Bank of Canada,
National Bank of Greece,
National City Bank,
National Cooperative Bank,
National Westminster Bank,
Northern Trust,
Old National Bank,
Pacific Premier Bank,
People's United Bank,
Provident Bank,
Rabobank,
RBC Royal Bank,
Santander Bank,
Scotiabank,
Silicon Valley Bank,
Sterling National Bank,
Synovus Bank,
TIAA Bank,
Trustmark National Bank,
UBS,
USAA,
Webster Bank,
Westpac,
Whitney Bank,
Wintrust Bank,
Woodforest National Bank,
Yorkshire Bank,
Zenith Bank,
Bank of Montreal,
Bank of Nova Scotia,
Canadian Imperial Bank of Commerce,
Royal Bank of Canada,
Banco Santander,
BBVA Compass,
BNP Paribas,
Crédit Agricole,
HSBC Bank Canada,
ING Bank,
Lloyds Banking Group,
Société Générale
