American Express,
Visa,
Mastercard,
Discover,
Chase,
Bank of America,
Capital One,
Citi,
Wells Fargo,
US Bank,
Barclaycard,
PNC Bank,
TD Bank,
HSBC,
Fifth Third Bank,
KeyBank,
SunTrust,
Navy Federal Credit Union,
BB&T,
Regions Bank,
Santander Bank,
First National Bank of Omaha,
Synchrony Bank,
Comenity Bank,
First Premier Bank,
Credit One Bank,
Merrick Bank,
Green Dot Bank,
Applied Bank,
MetaBank,
Axos Bank,
OpenSky,
Indigo,
Surge,
Total Visa,
Milestone,
Fingerhut,
Net First Platinum,
Horizon Gold,
Emporium,
Victoria's Secret Angel,
Wayfair,
Zales,
Macy's,
Kohl's,
Home Depot,
Lowe's,
Best Buy,
Target,
Walmart,
Amazon,
PayPal,
Venmo,
Apple Card,
Goldman Sachs,
Marcus by Goldman Sachs,
Affirm,
Avant,
Upgrade,
LendingClub,
SoFi,
CreditShop,
Jasper,
Aspire,
Petal,
Deserve,
Brex,
Divvy,
Ramp,
Airbase,
Emburse,
Expensify,
Bento for Business,
Fattmerchant,
Stripe,
Square,
PayPal Here,
Shopify,
QuickBooks Payments,
et,
Elavon,
Global Payments,
Heartland Payment Systems,
First Data,
TSYS,
Worldpay,
Payline Data,
PayJunction,
BluePay,
Adyen,
Braintree,
Dwolla,
Payoneer,
Skrill,
TransferWise,
Western Union,
MoneyGram,
Ria Money Transfer,
Xoom,
Remitl
