Aaron Smith,
Abigail Davis,
Adam Brown,
Addison Clark,
Adrian Parker,
Aiden Wilson,
Alan Garcia,
Alex Taylor,
Alexander Wright,
Alexandra Lee,
Alexis Martinez,
Alice Baker,
Alicia Scott,
Alison Johnson,
Allan Turner,
Allison Phillips,
Alvin Cooper,
Amanda Green,
Amber Collins,
Amelia Reed,
Amy Hernandez,
Andre Ramirez,
Andrea Flores,
Andrew Rodriguez,
Angel Turner,
Angela King,
Angelo Scott,
Angie Davis,
Annette Carter,
Anthony Wright,
April Evans,
Arthur Lee,
Ashley Martinez,
Audrey Powell,
Austin Hill,
Ava Young,
Avery Cooper,
Barbara Harris,
Benjamin Taylor,
Bernard Clark,
Bethany Brown,
Betty Turner,
Beverly Martinez,
Billie Scott,
Blake Nelson,
Bonnie Davis,
Bradley Smith,
Brandon Wright,
Brenda Martinez,
Brett Wilson,
Brian Davis,
Brittany Clark,
Brooke Hernandez,
Bruce Turner,
Bryan Lee,
Caleb Cooper,
Cameron Brown,
Candace Smith,
Carlos Wright,
Carmen Davis,
Carol Martinez,
Caroline Scott,
Carolyn King,
Carrie Hernandez,
Casey Turner,
Cassandra Lee,
Catherine Wright,
Cecilia Clark,
Chad Davis,
Charles Martinez,
Charlotte Cooper,
Chelsea Brown,
Cheryl Scott,
Chris Wilson,
Christian Turner,
Christina Lee,
Christine Wright,
Christopher Davis,
Cindy Martinez,
Claire Scott,
Clara Hernandez,
Clarence Turner,
Claudia Lee,
Clayton Brown,
Cody Smith,
Colleen Clark,
Colton Davis,
Connor Wright,
Cora Martinez,
Corey Cooper,
Courtney Brown,
Craig Scott,
Crystal Hernandez,
Curtis Turner,
Cynthia Lee,
Dale Davis,
Dallas Martinez,
Dalton Wright,
Damon Cooper,
Dana Brown
