PurplePenguin,
TheWildOne,
BlueBird,
SimplySunny,
CoolCats,
GoldenGlow,
RedRover,
FreshFruit,
HappyHiker,
SilverStar,
GreenGarden,
SweetSerenade,
OceanBreeze,
RusticRetreat,
NeonNights,
UrbanUtopia,
WildWest,
AquaAdventures,
CosmicConnection,
MountainMeadows,
IslandEscape,
DreamyDunes,
StarryNight,
CountryCottage,
ElectricEnergy,
SunnySideUp,
MysticMeadow,
OceanicOasis,
RusticRidge,
BlueBayou,
SunsetSails,
GreenGardens,
RedRocks,
BeachBuddies,
HappyHolidays,
SilverSurfer,
UrbanUnderground,
WildWaves,
AquaAvenue,
CosmicCruiser,
MountainMagic,
IslandInn,
DreamyDestinations,
StarrySkies,
CountryCharm,
ElectricEchoes,
SunnySlopes,
MysticMountains,
OceanicOdyssey,
RusticRoad,
BlueBubbles,
SunsetSerenity,
GreenGrove,
RedRivers,
BeachBums,
HappyHomes,
SilverStream,
UrbanUtopias,
WildWonders,
AquaAurora,
CosmicCircles,
MountainMajesty,
IslandIsle,
DreamyDaze,
StarrySkies,
CountryCrest,
ElectricEuphoria,
SunnySands,
MysticMist,
OceanicOmen,
RusticRanch,
BlueBreeze,
SunsetSands,
GreenGables,
RedRust,
BeachBreeze,
HappyHavens,
SilverSprings,
UrbanUprising,
WildWoods,
AquaAura,
CosmicComet,
MountainMomentum,
IslandIdyll,
DreamyDays,
StarrySights,
CountryCreek,
ElectricExcellence,
SunnyShores,
MysticMood,
OceanicOverture,
RusticRetreats,
BlueBliss,
SunsetSails,
GreenGlades,
RedRidge,
BeachBungalows,
HappyHomes,
SilverShores,
UrbanUtopians
